<?xml version="1.0" encoding="UTF-8"?>
<metadata xml:lang="es"><Esri><CreaDate>20210907</CreaDate><CreaTime>10045000</CreaTime><ArcGISFormat>1.0</ArcGISFormat><SyncOnce>TRUE</SyncOnce><DataProperties><lineage><Process ToolSource="c:\program files (x86)\arcgis\desktop10.8\ArcToolbox\Toolboxes\Data Management Tools.tbx\CalculateField" Date="20210904" Time="182712">CalculateField Vértices_Nivelados_Precisión Concatenado_Depto_Municipio "[Código_Departamento] &amp; [Código_Municipio]" VB #</Process><Process ToolSource="c:\program files (x86)\arcgis\desktop10.8\ArcToolbox\Toolboxes\Data Management Tools.tbx\CalculateField" Date="20210904" Time="182820">CalculateField Vértices_Nivelados_Precisión Código_Departamento "" VB #</Process><Process ToolSource="c:\program files (x86)\arcgis\desktop10.8\ArcToolbox\Toolboxes\Data Management Tools.tbx\CalculateField" Date="20210904" Time="182852">CalculateField Vértices_Nivelados_Precisión Código_Municipio "" VB #</Process><Process ToolSource="c:\program files (x86)\arcgis\desktop10.8\ArcToolbox\Toolboxes\Data Management Tools.tbx\CalculateField" Date="20210904" Time="182918">CalculateField Vértices_Nivelados_Precisión Concatenado_Depto_Municipio "" VB #</Process><Process ToolSource="c:\program files (x86)\arcgis\desktop10.8\ArcToolbox\Toolboxes\Data Management Tools.tbx\CalculateField" Date="20210904" Time="182929">CalculateField Vértices_Nivelados_Precisión Nombre_Departamento "" VB #</Process><Process ToolSource="c:\program files (x86)\arcgis\desktop10.8\ArcToolbox\Toolboxes\Data Management Tools.tbx\CalculateField" Date="20210904" Time="182940">CalculateField Vértices_Nivelados_Precisión Nombre_Municipio "" VB #</Process><Process ToolSource="c:\program files (x86)\arcgis\desktop10.8\ArcToolbox\Toolboxes\Data Management Tools.tbx\CalculateField" Date="20210904" Time="182959">CalculateField Vértices_Nivelados_Precisión Estado_Vértice "" VB #</Process><Process ToolSource="c:\program files (x86)\arcgis\desktop10.8\ArcToolbox\Toolboxes\Data Management Tools.tbx\CalculateField" Date="20210904" Time="183423">CalculateField Vértices_Nivelados_Precisión Línea_Nivelación "" VB #</Process><Process ToolSource="c:\program files (x86)\arcgis\desktop10.8\ArcToolbox\Toolboxes\Data Management Tools.tbx\CalculateField" Date="20210904" Time="183453">CalculateField Vértices_Nivelados_Precisión Bloque_Ajuste "" VB #</Process><Process ToolSource="c:\program files (x86)\arcgis\desktop10.8\ArcToolbox\Toolboxes\Data Management Tools.tbx\CalculateField" Date="20210904" Time="183609">CalculateField Vértices_Nivelados_Precisión Latitud "" VB #</Process><Process ToolSource="c:\program files (x86)\arcgis\desktop10.8\ArcToolbox\Toolboxes\Data Management Tools.tbx\CalculateField" Date="20210904" Time="183646">CalculateField Vértices_Nivelados_Precisión Latitud "" VB #</Process><Process ToolSource="c:\program files (x86)\arcgis\desktop10.8\ArcToolbox\Toolboxes\Data Management Tools.tbx\Project" Date="20210906" Time="080439">Project Vértices_Nivelados_Precisión C:\Users\leidyjohanna.moises\Documents\ArcGIS\Default.gdb\Vértices_Nivelados_Precisión PROJCS['MAGNA-SIRGAS / Origen-Nacional',GEOGCS['GCS_MAGNA',DATUM['D_MAGNA',SPHEROID['GRS_1980',6378137.0,298.257222101]],PRIMEM['Greenwich',0.0],UNIT['Degree',0.0174532925199433]],PROJECTION['Transverse_Mercator'],PARAMETER['False_Easting',5000000.0],PARAMETER['False_Northing',2000000.0],PARAMETER['Central_Meridian',-73.0],PARAMETER['Scale_Factor',0.9992],PARAMETER['Latitude_Of_Origin',4.0],UNIT['Meter',1.0]] # PROJCS['MAGNA-SIRGAS / Origen-Nacional',GEOGCS['GCS_MAGNA',DATUM['D_MAGNA',SPHEROID['GRS_1980',6378137.0,298.257222101]],PRIMEM['Greenwich',0.0],UNIT['Degree',0.0174532925199433]],PROJECTION['Transverse_Mercator'],PARAMETER['False_Easting',5000000.0],PARAMETER['False_Northing',2000000.0],PARAMETER['Central_Meridian',-73.0],PARAMETER['Scale_Factor',0.9992],PARAMETER['Latitude_Of_Origin',4.0],UNIT['Meter',1.0]] NO_PRESERVE_SHAPE # NO_VERTICAL</Process><Process ToolSource="c:\program files (x86)\arcgis\desktop10.8\ArcToolbox\Toolboxes\Data Management Tools.tbx\DefineProjection" Date="20210906" Time="080612">DefineProjection Vértices_Nivelados_Precisión GEOGCS['GCS_MAGNA',DATUM['D_MAGNA',SPHEROID['GRS_1980',6378137.0,298.257222101]],PRIMEM['Greenwich',0.0],UNIT['Degree',0.0174532925199433]]</Process><Process ToolSource="c:\program files (x86)\arcgis\desktop10.8\ArcToolbox\Toolboxes\Data Management Tools.tbx\Project" Date="20210906" Time="080823">Project Vértices_Nivelados_Precisión C:\Users\leidyjohanna.moises\Documents\ArcGIS\Default.gdb\Vértices_Nivelados_Precisión2 PROJCS['MAGNA-SIRGAS / Origen-Nacional',GEOGCS['GCS_MAGNA',DATUM['D_MAGNA',SPHEROID['GRS_1980',6378137.0,298.257222101]],PRIMEM['Greenwich',0.0],UNIT['Degree',0.0174532925199433]],PROJECTION['Transverse_Mercator'],PARAMETER['False_Easting',5000000.0],PARAMETER['False_Northing',2000000.0],PARAMETER['Central_Meridian',-73.0],PARAMETER['Scale_Factor',0.9992],PARAMETER['Latitude_Of_Origin',4.0],UNIT['Meter',1.0]] # GEOGCS['GCS_MAGNA',DATUM['D_MAGNA',SPHEROID['GRS_1980',6378137.0,298.257222101]],PRIMEM['Greenwich',0.0],UNIT['Degree',0.0174532925199433]] NO_PRESERVE_SHAPE # NO_VERTICAL</Process></lineage><itemProps><itemLocation><linkage Sync="TRUE">file://\\CARTO-N2018-001\E$\LJMS\NIVELACION_2021\BASE DE DATOS\CONTROL_VERTICAL\Red_de_ControlVerticaldePrecision.gdb</linkage><protocol Sync="TRUE">Local Area Network</protocol></itemLocation></itemProps></DataProperties><ArcGISstyle>ISO 19139 Metadata Implementation Specification</ArcGISstyle></Esri></metadata>
